Date,TS1_S369,TS2_S372,TS3_S391,TS4_S426,TS5_S21642
1/14/2002,700.68,2969.34,989.88,1490.88,1967.61
1/30/2002,718.77,2950.22,1063.65,1488.99,1773.48
2/14/2002,728.17,3061.26,1162.98,1477.25,1525.00
2/27/2002,742.72,3121.68,1211.96,1455.58,1283.22
3/14/2002,775.76,3177.77,1244.69,1438.09,1168.36
3/30/2002,821.75,3366.34,1238.55,1441.64,1510.76
4/14/2002,850.14,3489.51,1295.51,1438.83,1618.50
4/29/2002,807.35,3406.79,1320.36,1462.87,1827.29
5/14/2002,799.87,3205.48,1441.54,1491.67,2661.45
5/30/2002,790.11,3206.81,1643.77,1533.84,3009.82
6/14/2002,802.82,3189.67,1668.38,1576.59,2982.37
6/29/2002,771.55,2977.75,1606.41,1522.82,2803.05
7/14/2002,731.13,2901.16,1530.26,1520.20,2480.66
7/30/2002,707.87,2867.29,1476.44,1504.02,2101.48
8/14/2002,700.68,2755.33,1415.35,1446.53,1796.70
8/30/2002,677.82,2734.36,1336.95,1394.96,1550.34
9/14/2002,704.80,2787.13,1310.76,1367.23,1325.07
9/29/2002,762.14,2882.37,1344.70,1335.45,1186.68
10/14/2002,748.82,2907.44,1409.23,1336.08,1063.23
10/30/2002,773.35,2925.15,1420.90,1380.27,957.66
11/14/2002,737.53,2808.81,1497.56,1380.27,1232.13
11/29/2002,739.33,2808.65,1440.19,1385.81,1646.84
12/14/2002,705.66,2688.03,1390.32,1350.91,1825.45
12/30/2002,688.15,2597.18,1491.97,1325.50,2019.29
1/14/2003,720.39,2641.40,1576.17,1376.86,2159.88
1/30/2003,741.60,2683.22,1644.75,1405.81,2093.10
2/14/2003,752.26,2782.87,1693.24,1401.78,1852.41
2/27/2003,791.00,2931.57,1693.43,1391.70,1587.34
3/14/2003,805.91,3068.69,1673.49,1366.44,1254.47
3/30/2003,789.87,3116.76,1545.42,1336.63,942.77
4/14/2003,815.57,3286.03,1471.96,1353.18,767.56
4/29/2003,802.22,3207.13,1535.18,1413.46,861.66
5/14/2003,828.33,3125.98,1629.05,1567.25,1948.47
5/30/2003,831.21,3091.00,1796.83,1698.88,2572.56
6/14/2003,785.09,3039.41,1799.17,1725.13,2612.11
6/29/2003,768.17,2984.77,1736.18,1708.93,2530.25
7/14/2003,755.91,2856.57,1694.71,1661.25,2287.46
7/30/2003,738.55,2731.94,1706.22,1609.21,1962.31
8/14/2003,705.67,2502.15,1628.96,1590.73,1650.54
8/30/2003,688.54,2321.31,1539.88,1576.96,1324.40
9/14/2003,681.95,2297.86,1515.21,1625.22,1057.57
9/29/2003,673.07,2366.82,1491.41,1673.11,834.53
10/14/2003,682.94,2658.00,1434.40,1679.93,667.39
10/30/2003,681.03,2944.76,1402.55,1632.43,702.26
11/14/2003,667.68,2938.85,1332.70,1560.54,1171.56
11/29/2003,660.81,2882.35,1200.65,1509.45,2045.16
12/14/2003,654.15,2843.63,1171.25,1454.13,2529.43
12/30/2003,659.86,2842.23,1264.02,1518.51,2754.06
1/14/2004,650.95,2774.09,1307.95,1547.45,2646.10
1/30/2004,678.68,2821.41,1447.71,1565.79,2525.31
2/14/2004,674.91,2945.42,1564.00,1601.32,2307.76
2/27/2004,699.21,3067.95,1689.33,1602.25,2027.75
3/14/2004,743.06,3250.11,1771.81,1601.12,1613.45
3/30/2004,793.27,3454.16,1718.34,1600.98,1232.20
4/14/2004,768.84,3452.88,1672.11,1615.38,1102.77
4/29/2004,848.84,3476.75,1778.57,1740.12,1422.50
5/14/2004,859.10,3434.40,1871.61,1804.77,1504.29
5/30/2004,835.25,3428.95,1964.69,1875.21,1447.39
6/14/2004,808.17,3305.80,1909.07,1871.98,1301.59
6/29/2004,778.46,3206.18,1897.14,1819.95,1079.42
7/14/2004,744.95,3021.74,1820.47,1766.01,869.02
7/30/2004,714.47,2808.06,1725.54,1695.42,665.52
8/14/2004,684.72,2613.33,1617.12,1651.16,504.26
8/30/2004,671.00,2518.17,1529.68,1615.21,364.67
9/14/2004,692.36,2515.87,1465.61,1599.56,259.84
9/29/2004,687.91,2577.79,1392.04,1571.15,186.52
10/14/2004,730.38,2852.03,1404.89,1563.48,138.43
10/30/2004,719.95,2923.72,1377.07,1518.96,232.07
11/14/2004,716.53,3012.15,1446.16,1522.70,373.41
11/29/2004,712.97,2979.11,1389.59,1532.10,755.09
12/14/2004,691.68,2880.88,1349.95,1565.03,1270.51
12/30/2004,680.13,2794.01,1445.58,1602.22,1478.59
1/14/2005,711.62,2806.41,1500.94,1633.28,1420.98
1/30/2005,730.23,2891.10,1535.04,1621.91,1241.08
2/14/2005,765.65,3053.85,1591.61,1622.04,1116.01
2/27/2005,804.50,3246.31,1633.99,1601.60,955.08
3/14/2005,871.90,3498.47,1619.56,1572.48,793.33
3/30/2005,862.19,3610.69,1533.74,1552.74,654.49
4/14/2005,858.40,3627.65,1473.96,1528.70,624.06
4/29/2005,833.54,3516.09,1438.15,1527.14,1121.31
5/14/2005,822.24,3440.76,1501.04,1498.00,1535.48
5/30/2005,810.79,3319.62,1674.51,1511.82,1743.18
6/14/2005,793.78,3079.95,1771.86,1592.04,2291.73
6/29/2005,767.90,2805.24,1756.79,1605.83,2226.17
7/14/2005,737.88,2515.76,1709.32,1602.91,2109.21
7/30/2005,693.47,2210.56,1646.42,1567.84,1845.87
8/14/2005,651.63,1981.98,1596.02,1539.72,1522.20
8/30/2005,612.73,1790.61,1528.00,1484.56,1196.86
9/14/2005,584.30,1702.60,1440.69,1432.91,940.88
9/29/2005,596.85,1744.11,1385.10,1416.05,722.91
10/14/2005,602.03,1981.65,1355.79,1416.59,541.88
10/30/2005,592.18,2109.92,1294.99,1373.65,394.98
11/14/2005,584.11,2185.60,1244.61,1349.79,425.48
11/29/2005,555.27,2139.41,1092.08,1356.65,954.98
12/14/2005,532.65,2086.50,1018.01,1362.02,1242.21
12/30/2005,522.65,2017.91,1056.79,1360.97,1218.41
1/14/2006,509.32,1967.64,1054.32,1339.94,1151.10
1/30/2006,511.90,1990.21,1076.24,1306.76,968.10
2/14/2006,513.89,2052.04,1110.51,1287.30,767.04
2/27/2006,537.09,2155.16,1163.83,1249.57,603.69
3/14/2006,553.73,2192.66,1186.79,1221.46,529.45
3/30/2006,581.78,2258.11,1122.03,1224.14,797.44
4/14/2006,601.37,2290.32,1106.21,1294.67,1606.43
4/29/2006,651.53,2316.49,1266.69,1440.28,2286.28
5/14/2006,660.50,2351.53,1404.26,1547.51,2796.17
5/30/2006,665.53,2365.15,1589.72,1593.39,2810.19
6/14/2006,659.31,2347.15,1616.54,1605.02,2711.29
6/29/2006,641.05,2293.93,1582.95,1575.75,2388.46
7/14/2006,614.24,2165.82,1572.83,1519.42,1977.82
7/30/2006,595.81,2064.65,1561.95,1477.18,1550.01
8/14/2006,578.80,1910.16,1507.73,1424.92,1211.09
8/30/2006,563.45,1887.17,1502.88,1379.33,917.31
9/14/2006,556.51,1906.07,1501.98,1361.76,703.71
9/29/2006,559.13,1934.86,1493.06,1328.85,536.69
10/14/2006,575.27,2235.41,1536.72,1297.96,402.57
10/30/2006,594.27,2338.66,1574.24,1272.59,350.44
11/14/2006,600.34,2306.49,1554.86,1325.49,1167.57
11/29/2006,603.37,2294.64,1507.40,1437.24,2557.59
12/14/2006,607.08,2310.54,1535.90,1553.13,3274.79
12/30/2006,616.91,2337.18,1639.83,1591.50,3321.39
1/14/2007,631.97,2371.98,1781.22,1683.54,4011.05
1/30/2007,631.95,2524.63,1835.01,1694.25,3953.94
2/14/2007,627.85,2787.85,1862.83,1685.88,3697.23
2/27/2007,648.22,3078.92,1872.10,1697.88,3298.16
3/14/2007,711.15,3377.99,1844.67,1687.49,2804.01
3/30/2007,749.13,3473.81,1671.15,1723.31,2291.64
4/14/2007,731.73,3396.96,1608.04,1740.22,1920.84
4/29/2007,741.99,3342.31,1640.97,1779.44,2053.83
5/14/2007,747.75,3291.44,1690.65,1834.34,2369.58
5/30/2007,728.84,3210.46,1786.65,1851.85,2621.93
6/14/2007,717.27,3154.37,1758.26,1834.64,2668.64
6/29/2007,701.36,3008.97,1709.86,1779.80,2555.85
7/14/2007,681.62,2829.36,1644.36,1729.89,2382.24
7/30/2007,660.46,2629.58,1604.33,1719.94,2057.03
8/14/2007,640.57,2501.81,1550.33,1700.91,1777.49
8/30/2007,627.49,2465.84,1523.84,1715.54,1506.35
9/14/2007,612.71,2467.32,1517.97,1718.78,1239.82
9/29/2007,622.94,2684.39,1507.40,1772.98,1024.19
10/14/2007,626.61,2981.62,1489.50,1763.81,838.23
10/30/2007,625.67,3078.25,1505.08,1754.55,792.35
11/14/2007,630.03,3130.32,1678.90,1735.11,1104.64
11/29/2007,618.85,3069.07,1600.50,1716.98,1426.20
12/14/2007,621.96,2949.01,1548.76,1679.80,1513.51
12/30/2007,587.82,2837.92,1653.62,1704.03,1478.86
1/14/2008,568.68,2736.30,1687.44,1697.20,1398.22
1/30/2008,555.40,2561.26,1655.98,1667.31,1505.83
2/14/2008,576.55,2544.73,1703.80,1636.87,1620.07
2/27/2008,589.57,2547.85,1747.88,1628.09,1584.25
3/14/2008,618.38,2503.30,1763.63,1593.69,1369.92
3/30/2008,630.46,2534.78,1645.15,1588.10,1175.91
4/14/2008,649.93,2578.21,1662.32,1693.92,1577.87
4/29/2008,638.53,2523.69,1678.41,1760.98,2098.58
5/14/2008,650.79,2511.03,1700.78,1843.99,2244.88
5/30/2008,633.00,2463.95,1768.00,1859.19,2156.60
6/14/2008,609.44,2405.36,1722.68,1795.99,1939.16
6/29/2008,605.75,2342.28,1640.19,1754.79,1611.97
7/14/2008,584.67,2285.36,1571.35,1698.96,1290.98
7/30/2008,570.48,2162.15,1528.13,1681.05,998.00
8/14/2008,561.69,2063.61,1491.33,1658.45,844.94
8/30/2008,543.76,2020.86,1435.91,1623.57,677.65
9/14/2008,538.52,2061.57,1401.22,1587.17,547.60
9/29/2008,607.00,2374.69,1368.05,1550.18,428.75
10/14/2008,653.21,2583.91,1302.79,1513.82,347.11
10/30/2008,682.83,2660.52,1306.22,1499.16,380.94
11/14/2008,696.04,2724.37,1310.80,1502.95,669.23
11/29/2008,682.89,2734.36,1342.46,1536.04,1366.92
12/14/2008,678.44,2710.84,1362.67,1572.68,1428.55
12/30/2008,653.89,2683.75,1476.52,1602.62,1385.93
1/14/2009,635.40,2646.91,1499.95,1621.56,1256.62
1/30/2009,618.81,2554.31,1513.42,1611.08,1023.83
2/14/2009,633.17,2533.62,1571.97,1592.92,806.08
2/27/2009,642.11,2530.27,1617.58,1578.89,640.21
3/14/2009,652.72,2515.19,1633.01,1536.32,484.18
3/30/2009,673.79,2528.26,1514.08,1491.89,339.67
4/14/2009,671.58,2497.12,1426.36,1490.79,259.99
4/29/2009,656.05,2492.25,1412.95,1549.38,337.13
5/14/2009,636.78,2404.82,1417.63,1629.13,721.69
5/30/2009,654.81,2387.25,1584.51,1721.46,997.81
6/14/2009,656.33,2410.21,1639.05,1771.39,976.68
6/29/2009,677.00,2394.49,1647.65,1791.09,890.18
7/14/2009,658.94,2359.08,1600.74,1763.16,736.06
7/30/2009,625.15,2279.00,1542.27,1717.13,564.97
8/14/2009,610.13,2239.09,1498.14,1708.83,426.28
8/30/2009,606.97,2177.09,1431.97,1679.66,301.53
9/14/2009,598.54,2193.60,1391.77,1653.34,210.90
9/29/2009,599.75,2137.16,1360.70,1612.72,135.28
10/14/2009,593.97,2079.13,1304.73,1565.91,82.11
10/30/2009,580.47,2018.07,1208.07,1515.75,261.80
11/14/2009,560.37,1965.71,1193.76,1456.04,543.92
11/29/2009,557.69,1924.91,1126.48,1420.34,643.79
12/14/2009,539.06,1831.65,1125.69,1377.52,981.11
12/30/2009,544.53,1764.26,1257.89,1382.46,1313.42
1/14/2010,582.58,1784.33,1424.75,1481.20,1584.73
1/30/2010,606.89,1874.35,1590.09,1571.20,1552.76
2/14/2010,676.98,2150.70,1707.07,1580.24,1409.71
2/27/2010,723.88,2371.76,1736.00,1556.38,1278.86
3/14/2010,759.27,2492.41,1771.55,1601.80,1712.50
3/30/2010,768.62,2632.26,1730.36,1626.37,2372.83
4/14/2010,789.08,2763.02,1792.70,1685.53,2941.21
4/29/2010,792.72,2781.26,1794.33,1681.55,3048.39
5/14/2010,770.85,2757.04,1782.59,1733.72,3166.83
5/30/2010,785.44,2866.31,1878.11,1819.54,3418.90
6/14/2010,752.25,2921.80,1837.07,1854.40,3340.82
6/29/2010,742.18,2871.53,1762.05,1828.56,3078.35
7/14/2010,718.57,2787.30,1701.80,1789.94,2707.83
7/30/2010,683.50,2680.76,1649.63,1752.18,2241.38
8/14/2010,691.47,2593.00,1628.87,1751.94,1839.10
8/30/2010,678.66,2526.59,1617.13,1699.59,1484.27
9/14/2010,705.83,2474.41,1617.81,1664.10,1284.68
9/29/2010,741.84,2496.19,1607.30,1669.55,1105.56
10/14/2010,819.16,2710.51,1549.77,1670.11,924.60
10/30/2010,845.31,2848.00,1511.78,1632.78,809.58
11/14/2010,820.38,2902.94,1547.52,1604.99,1131.81
11/29/2010,799.51,2832.94,1532.15,1594.11,1254.22
12/14/2010,777.67,2724.39,1535.62,1572.03,1186.10
12/30/2010,769.49,2621.66,1637.38,1542.38,1122.49
1/14/2011,746.33,2549.16,1647.40,1524.42,968.68
1/30/2011,703.89,2429.91,1685.92,1505.72,836.50
2/14/2011,714.09,2442.10,1716.04,1483.29,732.72
2/27/2011,701.59,2468.82,1767.47,1465.12,750.32
3/14/2011,729.69,2563.17,1847.13,1452.66,725.80
3/30/2011,738.16,2664.34,1744.72,1418.07,820.81
4/14/2011,798.11,2795.08,1699.36,1457.03,837.84
4/29/2011,827.49,2763.31,1603.56,1475.67,963.97
5/14/2011,872.77,2684.23,1523.28,1481.53,1507.31
5/30/2011,877.31,2638.93,1597.84,1483.67,2030.40
6/14/2011,873.21,2566.31,1572.63,1479.65,2002.91
6/29/2011,829.13,2491.58,1508.48,1475.73,1878.47
7/14/2011,817.49,2471.14,1439.64,1446.94,1606.20
7/30/2011,839.93,2421.22,1364.60,1405.83,1280.83
8/14/2011,819.05,2371.64,1266.65,1367.12,1002.71
8/30/2011,855.11,2369.06,1231.84,1361.74,751.33
9/14/2011,862.29,2447.38,1221.77,1362.77,564.25
9/29/2011,885.87,2787.66,1239.29,1362.38,417.47
10/14/2011,895.19,3175.63,1278.19,1356.69,303.27
10/30/2011,889.70,3244.34,1413.88,1349.97,782.42
11/14/2011,962.63,3182.17,1670.11,1376.97,1951.29
11/29/2011,941.52,3135.57,1651.93,1456.49,2528.32
12/14/2011,917.28,3094.59,1785.79,1539.04,3087.91
12/30/2011,919.28,3040.64,1935.29,1578.23,3037.71
1/14/2012,857.60,2965.11,1963.29,1599.02,2905.33
1/30/2012,828.45,2996.34,1974.84,1616.62,2572.75
2/14/2012,806.12,2998.18,1934.02,1627.64,2151.81
2/27/2012,785.97,3029.27,1858.22,1618.81,1771.86
3/14/2012,792.90,3117.69,1804.76,1594.99,1353.08
3/30/2012,765.93,3166.00,1706.28,1594.58,1012.66
4/14/2012,722.11,3149.56,1636.71,1554.73,770.46
4/29/2012,768.20,3129.05,1562.26,1575.04,1037.86
5/14/2012,841.19,3091.07,1569.51,1688.86,2204.67
5/30/2012,859.06,3071.91,1724.79,1760.60,2539.06
6/14/2012,865.30,3003.67,1772.51,1754.84,2507.58
6/29/2012,824.88,2921.97,1747.66,1696.77,2334.94
7/14/2012,808.66,2851.08,1706.26,1609.13,2072.24
7/30/2012,796.90,2763.60,1657.83,1544.09,1726.54
8/14/2012,825.67,2740.86,1603.62,1517.94,1399.97
8/30/2012,843.90,2718.60,1528.16,1488.55,1121.51
9/14/2012,845.72,2837.88,1527.44,1494.76,907.94
9/29/2012,895.32,3231.59,1500.57,1511.77,726.10
10/14/2012,919.33,3634.57,1454.52,1517.01,571.50
10/30/2012,925.98,3680.53,1460.87,1482.67,1122.45
11/14/2012,890.75,3629.30,1538.28,1534.87,2094.17
11/29/2012,874.78,3522.06,1607.03,1585.86,2629.24
12/14/2012,860.12,3414.35,1688.12,1588.00,3322.27
12/30/2012,866.93,3350.77,1864.76,1570.71,3588.96
1/14/2013,839.27,3315.66,1961.63,1629.38,3573.08
1/30/2013,859.29,3292.73,2047.40,1698.78,3686.01
2/14/2013,872.41,3276.40,2067.89,1714.15,3630.53
2/27/2013,889.43,3231.61,2045.39,1733.52,3336.32
3/14/2013,906.25,3290.05,1995.48,1732.79,2867.21
3/30/2013,879.88,3258.19,1850.61,1733.02,2393.71
4/14/2013,909.09,3263.50,1828.71,1802.52,2248.70
4/29/2013,957.59,3261.27,1911.95,1894.84,2336.71
5/14/2013,927.96,3279.51,1931.69,1972.76,2341.19
5/30/2013,901.85,3182.59,2009.03,1993.59,2255.27
6/14/2013,864.56,3052.98,1937.67,1929.78,2085.05
6/29/2013,859.83,2961.46,1813.92,1871.81,1842.51
7/14/2013,844.45,2908.37,1723.25,1808.87,1545.39
7/30/2013,841.64,2880.95,1622.57,1751.90,1234.57
8/14/2013,846.10,2864.21,1535.21,1721.39,1035.39
8/30/2013,824.98,2817.69,1519.21,1634.35,898.22
9/14/2013,842.47,2811.99,1481.21,1590.18,753.25
9/29/2013,860.87,2777.08,1413.29,1552.87,613.70
10/14/2013,862.82,2827.07,1331.58,1504.76,488.48
10/30/2013,860.94,2862.99,1244.01,1462.89,377.55
11/14/2013,801.30,2776.26,1135.60,1405.50,408.23
11/29/2013,774.47,2720.39,1041.55,1397.12,768.60
12/14/2013,750.03,2649.44,1125.76,1401.34,950.20
12/30/2013,725.29,2555.38,1351.79,1388.70,1281.90
1/14/2014,715.62,2520.41,1474.26,1389.03,1258.73
1/30/2014,710.72,2540.05,1536.96,1385.58,1164.56
2/14/2014,718.91,2598.33,1531.02,1367.94,1021.73
2/27/2014,755.00,2635.92,1551.54,1343.33,1093.85
3/14/2014,778.14,2723.11,1567.79,1339.12,1071.75
3/30/2014,771.08,2782.47,1503.09,1362.26,1721.88
4/14/2014,797.44,2847.49,1570.83,1391.86,1965.19
4/29/2014,843.05,2858.42,1661.52,1430.24,2297.25
5/14/2014,842.00,2917.95,1666.20,1436.60,2245.01
5/30/2014,807.69,2915.86,1726.77,1426.94,2186.28
6/14/2014,797.45,2848.43,1649.30,1418.83,1941.46
6/29/2014,778.23,2818.49,1589.97,1399.30,1620.23
7/14/2014,756.19,2698.18,1532.45,1364.57,1298.53
7/30/2014,743.21,2551.58,1474.60,1348.19,995.74
8/14/2014,721.70,2403.03,1405.47,1309.08,765.31
8/30/2014,756.03,2335.64,1327.79,1268.84,578.79
9/14/2014,793.57,2268.07,1376.11,1259.57,502.92
9/29/2014,818.02,2222.92,1458.79,1304.33,431.11
10/14/2014,833.87,2395.84,1499.23,1315.10,352.68
10/30/2014,835.22,2521.94,1496.95,1339.21,281.93
11/14/2014,795.03,2622.59,1509.19,1376.85,639.69
11/29/2014,794.21,2672.33,1450.61,1377.48,1252.26
12/14/2014,809.42,2663.43,1464.78,1394.19,1721.29
12/30/2014,800.75,2670.77,1573.66,1374.12,1741.76
1/14/2015,784.06,2721.03,1595.99,1361.79,1660.64
1/30/2015,775.97,2823.94,1578.53,1369.46,1457.42
2/14/2015,809.38,2961.18,1549.96,1388.72,1189.25
2/27/2015,823.99,3118.49,1498.99,1376.46,987.41
3/14/2015,854.34,3245.75,1477.76,1371.06,778.94
3/30/2015,837.07,3251.88,1316.13,1334.69,592.51
4/14/2015,855.59,3149.90,1295.08,1344.79,721.28
4/29/2015,921.75,3121.99,1362.90,1404.65,1516.85
5/14/2015,947.02,3094.65,1529.68,1480.26,2426.31
5/30/2015,927.22,3133.17,1756.89,1584.60,2815.29
6/14/2015,963.73,3116.97,1756.97,1583.45,2766.31
6/29/2015,954.18,3068.13,1699.76,1533.07,2584.17
7/14/2015,884.35,2958.69,1624.56,1542.08,2293.89
7/30/2015,851.58,2881.10,1586.49,1513.52,1920.31
8/14/2015,877.88,2766.63,1542.71,1481.91,1572.53
8/30/2015,839.29,2768.52,1503.72,1450.04,1248.81
9/14/2015,870.84,2834.00,1454.07,1419.50,992.39
9/29/2015,819.31,3001.07,1401.38,1405.73,785.31
10/14/2015,840.29,3144.25,1368.50,1363.24,613.32
10/30/2015,811.66,3176.91,1399.58,1303.67,741.63
11/14/2015,818.20,3131.98,1376.70,1296.18,1551.69
11/29/2015,829.61,3077.08,1325.27,1351.04,2448.21
12/14/2015,804.38,3076.15,1379.82,1383.94,3007.19
12/30/2015,831.70,2973.46,1611.50,1404.92,3580.23
1/14/2016,851.35,2905.73,1703.89,1402.25,3556.12
1/30/2016,932.58,2858.37,1814.96,1387.80,3481.22
2/14/2016,957.52,2842.94,1858.72,1382.37,3198.79
2/27/2016,975.54,2834.29,1873.14,1352.44,2958.45
3/14/2016,986.62,2885.75,1802.22,1302.14,2589.62
3/30/2016,979.09,3159.25,1682.50,1273.60,2326.08
4/14/2016,971.09,3233.78,1579.86,1287.79,2102.09
4/29/2016,993.20,3232.17,1558.75,1310.93,2072.04
5/14/2016,964.98,3131.93,1619.58,1406.47,2455.25
5/30/2016,957.08,3040.68,1736.09,1516.70,2491.09
6/14/2016,929.05,2958.93,1736.29,1572.75,2456.83
6/29/2016,914.11,2885.93,1676.47,1559.11,2365.51
7/14/2016,941.34,2819.52,1610.02,1553.74,2237.30
7/30/2016,886.27,2723.44,1549.24,1531.04,2044.13
8/14/2016,870.84,2631.86,1483.47,1498.79,1787.95
8/30/2016,871.65,2633.65,1421.54,1486.76,1510.76
9/14/2016,907.10,2647.46,1352.39,1466.98,1273.09
9/29/2016,914.21,2679.07,1299.22,1436.44,1058.93
10/14/2016,921.93,2773.14,1232.12,1402.43,884.32
10/30/2016,879.71,2920.97,1219.16,1372.39,740.50
11/14/2016,857.64,2945.73,1172.61,1351.05,635.74
11/29/2016,843.30,2886.35,1054.33,1332.12,1138.65
12/14/2016,863.43,2825.98,1091.63,1323.85,1842.48
12/30/2016,815.12,2788.47,1219.77,1316.45,2109.95
1/14/2017,794.89,2764.25,1264.94,1310.76,2062.43
1/30/2017,779.01,2762.92,1309.67,1297.41,1857.91
2/14/2017,804.14,2805.09,1317.37,1267.87,1591.23
2/27/2017,790.65,2820.58,1291.79,1241.01,1340.07
3/14/2017,797.95,2784.23,1280.92,1218.28,1065.35
3/30/2017,789.65,2819.24,1166.00,1183.38,816.94
4/14/2017,739.19,2770.28,1138.39,1176.49,801.71
4/29/2017,731.09,2691.23,1145.18,1182.01,1136.65
5/14/2017,738.19,2603.56,1169.47,1196.25,1531.10
5/30/2017,774.24,2637.37,1353.21,1234.20,1794.39
6/14/2017,768.44,2616.58,1419.70,1253.84,1774.86
6/29/2017,758.82,2535.51,1444.68,1260.67,1703.29
7/14/2017,750.44,2431.89,1418.06,1232.87,1513.16
7/30/2017,759.63,2317.48,1375.85,1204.80,1229.46
8/14/2017,805.59,2248.15,1332.15,1177.98,980.17
8/30/2017,837.86,2340.74,1278.58,1137.13,750.81
9/14/2017,867.61,2466.04,1223.16,1101.91,572.02
9/29/2017,859.98,2729.20,1177.02,1076.30,428.17
10/14/2017,855.22,2953.53,1140.71,1051.61,311.17
10/30/2017,896.09,3029.01,1161.87,1072.80,537.03
11/14/2017,921.21,3002.08,1234.81,1145.55,1510.02
11/29/2017,924.09,2942.30,1295.42,1187.46,2294.09
12/14/2017,872.39,2879.11,1370.78,1197.09,2541.44
12/30/2017,846.09,2814.58,1529.77,1200.47,2441.55
1/14/2018,813.80,2737.32,1581.01,1192.99,2265.50
1/30/2018,813.17,2698.10,1587.74,1195.10,1989.57
2/14/2018,789.31,2660.22,1557.53,1177.76,1655.14
2/27/2018,768.84,2665.80,1512.11,1160.70,1362.65
3/14/2018,775.71,2676.01,1524.74,1131.88,1169.64
3/30/2018,825.77,2681.25,1565.86,1156.82,1802.60
4/14/2018,881.85,2744.58,1656.64,1211.16,2602.16
4/29/2018,942.55,2777.01,1752.57,1357.55,3382.30
5/14/2018,971.49,2916.12,1803.75,1521.02,3605.52
5/30/2018,976.58,2943.33,1871.58,1637.35,3497.36
6/14/2018,930.35,2869.31,1795.17,1667.74,3371.86
6/29/2018,901.25,2785.88,1710.82,1663.59,3090.32
7/14/2018,865.34,2724.12,1619.02,1621.28,2783.47
7/30/2018,829.65,2622.96,1534.10,1575.71,2456.93
8/14/2018,820.25,2605.82,1471.61,1575.23,2143.48
8/30/2018,849.11,2567.24,1407.69,1515.91,1812.66
9/14/2018,860.78,2563.69,1351.70,1488.15,1514.47
9/29/2018,831.28,2668.69,1304.59,1448.80,1249.43
10/14/2018,854.82,2835.59,1253.13,1389.04,1018.62
10/30/2018,803.99,2957.31,1230.21,1325.82,809.69
11/14/2018,822.83,2935.55,1195.50,1274.77,866.14
11/29/2018,764.23,2844.10,1059.90,1259.53,1447.69
12/14/2018,737.56,2768.68,1030.82,1246.16,2027.86
12/30/2018,747.53,2680.59,1217.23,1250.18,2651.81
1/14/2019,751.43,2629.04,1369.22,1254.91,2894.16
1/30/2019,785.40,2678.58,1510.99,1229.13,2883.77
2/14/2019,791.15,2755.60,1569.43,1198.16,2772.97
2/27/2019,788.08,2793.06,1569.31,1166.32,2490.16
3/14/2019,782.04,2897.36,1523.70,1136.58,2136.07
3/30/2019,715.08,2982.55,1385.18,1098.61,1750.60
4/14/2019,700.51,3016.00,1307.17,1085.09,1442.15
4/29/2019,706.48,3006.81,1249.47,1081.29,1204.20
5/14/2019,791.91,3026.94,1357.43,1107.96,1385.00
5/30/2019,786.42,2938.64,1536.34,1167.38,1577.09
6/14/2019,836.83,2859.85,1541.51,1237.94,1560.83
6/29/2019,826.75,2820.70,1527.11,1305.36,1487.99
7/14/2019,841.61,2811.70,1496.87,1346.78,1355.50
7/30/2019,783.74,2734.19,1437.61,1356.41,1156.19
8/14/2019,769.44,2717.57,1388.95,1361.64,964.10
8/30/2019,780.61,2742.69,1331.61,1341.85,778.45
9/14/2019,804.18,2775.94,1243.63,1333.38,638.13
9/29/2019,797.22,2852.08,1210.32,1323.20,540.45
10/14/2019,795.04,2931.23,1203.17,1327.17,552.59
10/30/2019,846.10,3014.96,1379.77,1333.59,1514.00
11/14/2019,835.97,3099.71,1649.89,1347.65,2317.74
11/29/2019,835.66,3116.36,1652.02,1358.49,2952.13
12/14/2019,875.78,3057.89,1733.20,1397.93,3623.53
12/30/2019,844.03,2969.86,1846.71,1421.94,3776.38
1/14/2020,819.78,2982.04,1859.69,1408.17,3762.95
1/30/2020,805.21,2973.95,1812.66,1395.96,3685.87
2/14/2020,841.80,3033.15,1861.03,1425.60,3541.85
2/27/2020,846.76,3141.53,1847.88,1418.01,3462.10
3/14/2020,845.41,3315.10,1838.90,1415.08,3448.97
3/30/2020,841.74,3454.01,1742.77,1453.77,3446.62
4/14/2020,884.39,3518.63,1789.13,1519.37,3289.36
4/29/2020,918.11,3502.01,1818.29,1611.03,3393.38
5/14/2020,928.90,3349.42,1816.04,1733.73,3448.60
5/30/2020,867.38,3267.51,1840.82,1781.79,3313.18
6/14/2020,826.96,3198.36,1757.59,1763.52,3069.46
6/29/2020,799.55,3160.41,1680.33,1747.44,2794.91
7/14/2020,765.85,3093.10,1657.68,1704.17,2449.33
7/30/2020,764.75,2914.72,1621.35,1681.74,2056.70
8/14/2020,747.27,2815.50,1585.25,1658.96,1731.77
8/30/2020,796.00,2749.58,1547.06,1633.61,1424.81
9/14/2020,815.23,2775.82,1506.21,1596.93,1190.57
9/29/2020,828.45,2813.50,1547.06,1570.28,1000.06
10/14/2020,831.58,3046.91,1523.27,1580.54,833.63
10/30/2020,805.32,3183.55,1496.53,1615.69,687.32
11/14/2020,787.36,3138.73,1448.49,1633.29,584.32
11/29/2020,774.76,3155.02,1354.56,1638.63,519.36
12/14/2020,756.43,3147.77,1335.24,1664.19,945.21
12/30/2020,732.56,3094.47,1420.64,1690.50,1221.27
1/14/2021,713.66,2989.26,1403.15,1686.84,1737.35
1/30/2021,712.70,2942.80,1438.07,1697.18,1908.64
2/14/2021,744.87,2927.94,1467.45,1710.50,1881.54
2/27/2021,761.96,2961.88,1497.72,1693.28,2063.99
3/14/2021,802.18,3128.99,1542.09,1684.71,2203.74
3/30/2021,742.40,3095.40,1422.13,1678.07,2163.42
4/14/2021,726.70,3087.02,1397.08,1685.40,2148.16
4/29/2021,730.14,3009.06,1394.88,1673.76,2320.65
5/14/2021,715.56,2920.23,1367.37,1688.91,2444.91
5/30/2021,768.84,2846.80,1515.03,1657.51,2618.52
6/14/2021,733.85,2784.99,1544.69,1656.63,2537.25
6/29/2021,717.48,2694.95,1537.82,1642.84,2399.53
7/14/2021,720.62,2625.20,1502.70,1620.70,2146.07
7/30/2021,695.76,2563.39,1444.03,1585.24,1814.31
8/14/2021,685.95,2518.73,1392.68,1604.31,1518.29
8/30/2021,684.88,2479.91,1347.34,1606.60,1226.55
9/14/2021,653.25,2451.65,1302.13,1581.30,991.86
9/29/2021,674.70,2652.38,1263.41,1560.90,798.98
10/14/2021,730.86,2972.05,1227.53,1590.87,639.09
10/30/2021,743.26,3140.27,1180.75,1572.71,502.79
11/14/2021,745.78,3153.82,1138.09,1545.38,407.36
11/29/2021,708.41,3107.72,992.99,1527.21,346.24
12/14/2021,704.53,3088.19,913.72,1514.47,742.28
12/30/2021,648.41,2938.07,928.45,1504.14,1294.71
1/14/2022,626.25,2828.59,904.96,1471.17,1864.60
1/30/2022,657.93,2713.94,953.80,1432.68,1912.64
2/14/2022,678.53,2678.24,1124.20,1400.79,1838.18
2/27/2022,671.72,2706.58,1258.50,1368.37,1624.75
3/14/2022,706.26,2770.28,1357.91,1323.95,1380.27
3/30/2022,686.78,2727.21,1272.74,1285.39,1105.87
4/14/2022,667.62,2700.06,1299.57,1269.25,1030.07
4/29/2022,638.51,2633.52,1285.39,1266.26,1001.23
5/14/2022,617.52,2561.02,1231.83,1265.29,1361.20
5/30/2022,599.19,2514.76,1268.50,1277.44,1460.87
6/14/2022,578.20,2425.65,1219.81,1271.30,1412.58
6/29/2022,570.42,2352.89,1159.25,1266.41,1324.53
7/14/2022,569.78,2261.93,1112.36,1235.40,1167.70
7/30/2022,565.74,2250.06,1104.82,1194.60,961.99
8/14/2022,564.85,2222.20,1080.26,1162.46,780.53
8/30/2022,564.73,2203.80,1048.79,1103.49,613.55
